firstName;lastName;email;password
Test;User;test10@gmail.com;myPassword
Alice;Walker;alicewalker@gmail.com;password123
Brian;Miller;brianmiller@gmail.com;securePass456
Catherine;Adams;catherine.adams@gmail.com;CatAdams789
David;Lee;david.lee@gmail.com;dLeePassword321
Emma;Clark;emma.clark@gmail.com;EmmaClark!2024
